City_ID,City,Lat,Lng,Max Temp,Humidity,Cloudiness,Wind Speed,Country,Current Description
0,Chapais,49.7834,-74.8492,46.18,68,100,12.01,CA,overcast clouds
1,Guerrero Negro,27.9769,-114.0611,71.96,74,0,15.57,MX,clear sky
2,Mount Gambier,-37.8333,140.7667,65.97,51,100,7.27,AU,overcast clouds
3,Mataura,-46.1927,168.8643,52.56,48,69,10.51,NZ,broken clouds
4,Ushuaia,-54.8,-68.3,44.26,81,100,12.66,AR,light intensity drizzle
5,Pevek,69.7008,170.3133,4.64,94,70,5.5,RU,broken clouds
6,Victoria,22.2855,114.1577,72.03,60,100,15.99,HK,overcast clouds
7,Sao Filipe,14.8961,-24.4956,78.58,78,100,3.78,CV,overcast clouds
8,Rikitea,-23.1203,-134.9692,68.85,68,61,19.86,PF,broken clouds
9,Batang Berjuntai,3.3833,101.4167,86.54,82,97,1.39,MY,overcast clouds
10,Caucaia,-3.7361,-38.6531,80.55,75,20,18.41,BR,few clouds
11,Hermanus,-34.4187,19.2345,57.79,91,100,5.66,ZA,overcast clouds
12,Puerto Ayora,-0.7393,-90.3518,67.55,86,15,4.0,EC,few clouds
13,Busselton,-33.65,115.3333,59.34,67,0,3.56,AU,clear sky
14,Eisenberg,50.9667,11.9,60.26,93,73,3.71,DE,broken clouds
15,Ambovombe,-25.1667,46.0833,67.15,83,5,11.36,MG,clear sky
16,Jamestown,42.097,-79.2353,40.59,72,0,14.97,US,clear sky
17,Klaksvik,62.2266,-6.589,43.72,75,84,17.25,FO,broken clouds
18,Daru,-9.0763,143.2092,81.68,82,100,8.16,PG,overcast clouds
19,Khandbari,27.3747,87.2039,60.49,59,0,4.47,NP,clear sky
20,Narsimhapur,22.95,79.2,68.25,82,0,3.44,IN,clear sky
21,Albany,42.6001,-73.9662,54.23,94,100,1.39,US,overcast clouds
22,Buerarema,-14.9594,-39.2997,77.59,94,0,0.16,BR,clear sky
23,Bredasdorp,-34.5322,20.0403,58.48,96,100,1.88,ZA,overcast clouds
24,Beloha,-25.1667,45.05,67.42,83,4,12.8,MG,clear sky
25,Grindavik,63.8424,-22.4338,37.87,81,20,4.61,IS,few clouds
26,Turukhansk,65.8167,87.9833,32.5,98,100,7.0,RU,light snow
27,Tiksi,71.6872,128.8694,11.37,87,95,14.88,RU,overcast clouds
28,Thompson,55.7435,-97.8558,30.36,59,75,3.44,CA,broken clouds
29,Zig,40.127,-92.7663,37.69,39,0,10.36,US,clear sky
30,Saint-Philippe,-21.3585,55.7679,65.79,79,40,8.81,RE,scattered clouds
31,Qaanaaq,77.484,-69.3632,7.07,74,100,3.76,GL,overcast clouds
32,Hanyang,32.1371,105.5126,59.54,65,100,2.89,CN,overcast clouds
33,Chokurdakh,70.6333,147.9167,15.48,95,99,8.25,RU,overcast clouds
34,Lavrentiya,65.5833,-171.0,31.98,76,81,7.83,RU,broken clouds
35,Ronne,55.1009,14.7066,57.11,94,20,12.66,DK,few clouds
36,Severo-Kurilsk,50.6789,156.125,43.7,78,20,32.03,RU,few clouds
37,Isangel,-19.55,169.2667,84.31,84,75,2.3,VU,broken clouds
38,Bluff,-46.6,168.3333,48.97,66,37,25.26,NZ,scattered clouds
39,Sabha,27.0377,14.4283,66.33,51,0,8.52,LY,clear sky
40,Abnub,27.2696,31.1511,70.02,58,0,11.54,EG,clear sky
41,Santa Cruz Del Sur,20.7147,-77.9956,80.4,74,100,1.59,CU,light rain
42,Honiara,-9.4333,159.95,86.95,64,17,6.6,SB,few clouds
43,Barrow,71.2906,-156.7887,28.42,80,100,11.5,US,overcast clouds
44,Yellowknife,62.456,-114.3525,45.12,70,20,12.66,CA,few clouds
45,Zhanaozen,43.3,52.8,53.76,56,85,6.78,KZ,overcast clouds
46,Mandera,3.9366,41.867,77.22,72,96,12.86,KE,overcast clouds
47,Ribeira Grande,38.5167,-28.7,56.77,75,29,8.99,PT,light rain
48,Buala,-8.145,159.5921,84.56,69,39,7.2,SB,light rain
49,Ostrovnoy,68.0531,39.5131,44.02,86,98,22.26,RU,overcast clouds
50,Butaritari,3.0707,172.7902,81.88,73,50,16.87,KI,scattered clouds
51,Nanortalik,60.1432,-45.2371,36.93,76,100,6.44,GL,overcast clouds
52,Fortuna,40.5982,-124.1573,68.94,70,40,12.66,US,scattered clouds
53,Malinyi,-8.9333,36.1333,70.07,68,0,3.24,TZ,clear sky
54,Ahipara,-35.1667,173.1667,62.83,62,2,10.6,NZ,clear sky
55,Rodino,52.5,80.25,41.0,85,100,9.51,RU,overcast clouds
56,Saskylakh,71.9167,114.0833,-0.72,100,96,3.6,RU,overcast clouds
57,Chuy,-33.6971,-53.4616,59.56,78,100,14.32,UY,overcast clouds
58,Mahebourg,-20.4081,57.7,66.25,69,16,10.11,MU,few clouds
59,Hobart,-42.8794,147.3294,59.25,65,100,5.01,AU,overcast clouds
60,New Norfolk,-42.7826,147.0587,58.91,46,100,4.09,AU,light rain
61,Khatanga,71.9667,102.5,20.53,96,100,7.2,RU,light snow
62,Punta Arenas,-53.15,-70.9167,50.11,71,75,8.05,CL,broken clouds
63,Cape Town,-33.9258,18.4232,63.91,79,0,11.99,ZA,clear sky
64,Castro,-24.7911,-50.0119,59.41,95,100,9.35,BR,overcast clouds
65,Ancud,-41.8697,-73.8203,52.32,85,0,3.11,CL,clear sky
66,Lisakovsk,52.5369,62.4936,43.47,66,100,7.38,KZ,overcast clouds
67,Norman Wells,65.282,-126.8329,35.64,87,75,11.5,CA,broken clouds
68,Mambatangan,8.4333,124.8333,78.55,69,65,1.77,PH,broken clouds
69,Berlevag,70.8578,29.0864,41.0,87,75,16.11,NO,light rain
70,Napa,38.4832,-122.3344,75.27,57,100,3.96,US,overcast clouds
71,Kloulklubed,7.0419,134.2556,84.7,74,100,10.83,PW,overcast clouds
72,Sucua,-2.4667,-78.1667,68.38,97,23,2.3,EC,few clouds
73,Coahuayana,18.7333,-103.6833,78.85,89,99,2.08,MX,moderate rain
74,Japura,-0.3167,102.35,76.3,91,100,1.12,ID,overcast clouds
75,Codrington,-38.2667,141.9667,63.12,63,100,5.5,AU,overcast clouds
76,Hilo,19.7297,-155.09,89.28,76,40,8.05,US,scattered clouds
77,Saldanha,-33.0117,17.9442,59.05,92,100,9.42,ZA,overcast clouds
78,Putina,-15.4667,-69.4333,47.16,69,90,8.12,PE,overcast clouds
79,Praia Da Vitoria,38.7333,-27.0667,57.45,77,40,22.5,PT,scattered clouds
80,Leningradskiy,69.3833,178.4167,17.56,90,100,6.11,RU,overcast clouds
81,Gamboma,-1.8764,15.8644,71.78,91,71,0.98,CG,light rain
82,Vaini,-21.2,-175.2,84.36,79,40,12.66,TO,scattered clouds
83,Chicla,-11.705,-76.2686,45.34,73,44,1.36,PE,scattered clouds
84,Port Augusta,-32.5,137.7667,71.15,42,100,14.58,AU,overcast clouds
85,Cayenne,4.9333,-52.3333,77.04,88,20,0.0,GF,few clouds
86,Lompoc,34.6391,-120.4579,73.54,73,0,10.36,US,clear sky
87,Rocha,-34.4833,-54.3333,55.0,83,95,9.73,UY,overcast clouds
88,Talnakh,69.4865,88.3972,31.21,97,100,4.14,RU,light snow
89,Ravenna,44.4167,11.9833,66.61,75,64,3.6,IT,broken clouds
90,Ponta Do Sol,32.6667,-17.1,74.01,85,23,12.68,PT,few clouds
91,Danielskuil,-28.1887,23.5395,60.01,70,100,5.14,ZA,overcast clouds
92,Atuona,-9.8,-139.0333,76.89,73,31,12.5,PF,scattered clouds
93,Zhigansk,66.7697,123.3711,11.68,96,100,5.03,RU,overcast clouds
94,Celestun,20.8667,-90.4,80.73,83,63,11.34,MX,light rain
95,Palauig,15.435,119.9045,83.46,77,71,8.93,PH,broken clouds
96,Roald,62.5833,6.1333,49.75,87,20,9.22,NO,few clouds
97,Dunda,-8.1167,34.25,64.98,61,9,4.34,TZ,clear sky
98,Tuktoyaktuk,69.4541,-133.0374,28.4,93,100,5.75,CA,light rain
99,Airai,-8.9266,125.4092,73.22,66,72,1.41,TL,broken clouds
100,Hamilton,39.1834,-84.5333,43.43,54,42,5.99,US,scattered clouds
101,Nicoya,10.1483,-85.452,74.39,94,100,4.05,CR,overcast clouds
102,Necochea,-38.5473,-58.7368,50.22,85,77,13.11,AR,broken clouds
103,Neiafu,-18.65,-173.9833,83.08,69,20,10.36,TO,few clouds
104,Umm Lajj,25.0213,37.2685,81.0,55,21,3.29,SA,few clouds
105,Cidreira,-30.1811,-50.2056,64.24,91,96,19.22,BR,overcast clouds
106,Lukulu,-14.3707,23.242,68.52,44,78,1.28,ZM,broken clouds
107,Jimeta,9.2833,12.4667,76.73,58,69,2.19,NG,broken clouds
108,Hay River,60.8156,-115.7999,58.98,44,20,6.91,CA,smoke
109,Barranca,-10.75,-77.7667,60.87,82,7,7.74,PE,clear sky
110,Katsuura,35.1333,140.3,60.82,90,100,19.77,JP,overcast clouds
111,Manzhouli,49.6,117.4333,34.14,37,0,3.18,CN,clear sky
112,Kupang,-10.1667,123.5833,87.84,58,93,0.69,ID,overcast clouds
113,Acarau,-2.8856,-40.12,79.05,81,65,19.6,BR,broken clouds
114,Avarua,-21.2078,-159.775,80.65,61,75,18.41,CK,broken clouds
115,Okhotsk,59.3833,143.3,28.0,45,99,19.95,RU,overcast clouds
116,Hithadhoo,-0.6,73.0833,80.6,69,100,4.56,MV,overcast clouds
117,Walvis Bay,-22.9575,14.5053,58.15,88,0,2.3,NA,clear sky
118,Santa Luzia,-19.7697,-43.8514,74.48,58,0,10.36,BR,clear sky
119,Alyangula,-13.8483,136.4192,86.02,60,39,11.18,AU,scattered clouds
120,Fairbanks,64.8378,-147.7164,42.82,75,0,4.61,US,clear sky
121,Bambous Virieux,-20.3428,57.7575,66.22,69,18,10.36,MU,few clouds
122,Yatou,37.15,122.3833,54.52,47,6,6.13,CN,clear sky
123,Laguna,38.421,-121.4238,79.09,48,0,5.75,US,clear sky
124,Teresina,-5.0892,-42.8019,87.51,48,0,0.0,BR,clear sky
125,Souillac,-20.5167,57.5167,69.84,69,39,9.66,MU,scattered clouds
126,East London,-33.0153,27.9116,66.63,88,100,3.98,ZA,overcast clouds
127,Tahe,52.3333,124.7333,36.55,42,19,7.72,CN,few clouds
128,Dikson,73.5069,80.5464,32.43,99,100,25.57,RU,snow
129,Mogadishu,2.0371,45.3438,77.22,83,39,9.15,SO,scattered clouds
130,Sitka,57.0531,-135.33,57.09,82,0,4.61,US,clear sky
131,Rongcheng,30.634,117.8517,57.99,41,0,7.43,CN,clear sky
132,Axim,4.8699,-2.2405,76.8,89,14,3.51,GH,few clouds
133,Kulhudhuffushi,6.6221,73.07,78.48,87,100,21.54,MV,overcast clouds
134,Orhei,47.3831,28.8231,47.52,45,27,4.03,MD,scattered clouds
135,Kapaa,22.0752,-159.319,84.18,69,0,9.22,US,clear sky
136,Pisco,-13.7,-76.2167,60.85,82,20,14.97,PE,few clouds
137,Nikolskoye,59.7035,30.7861,48.09,90,100,7.23,RU,overcast clouds
138,Geraldton,-28.7667,114.6,63.01,63,0,12.66,AU,clear sky
139,Dzaoudzi,-12.7887,45.2699,73.29,88,0,3.44,YT,clear sky
140,Petropavlovsk-Kamchatskiy,53.0452,158.6483,41.59,100,75,2.24,RU,light rain
141,San Andres,12.5847,-81.7006,84.22,79,40,5.75,CO,scattered clouds
142,Inhambane,-23.865,35.3833,71.89,83,48,6.71,MZ,scattered clouds
143,Luderitz,-26.6481,15.1594,59.61,80,97,9.35,NA,overcast clouds
144,Maningrida,-12.0667,134.2667,89.29,53,99,8.7,AU,overcast clouds
145,Kodiak,57.79,-152.4072,51.31,71,40,10.36,US,scattered clouds
146,Concarneau,47.875,-3.9225,59.79,95,4,6.96,FR,clear sky
147,Hovd,48.0056,91.6419,41.29,38,100,7.74,MN,overcast clouds
148,Mount Isa,-20.7333,139.5,92.32,33,93,14.9,AU,moderate rain
149,Pangnirtung,66.1451,-65.7125,25.5,94,99,8.7,CA,light snow
150,Concepcion,-36.827,-73.0498,51.6,93,100,4.61,CL,overcast clouds
151,Port Alfred,-33.5906,26.891,61.18,94,96,8.48,ZA,overcast clouds
152,Bengkulu,-3.8004,102.2655,77.95,84,100,3.04,ID,overcast clouds
153,Orneta,54.1148,20.1333,58.6,78,92,11.14,PL,overcast clouds
154,Namatanai,-3.6667,152.4333,83.75,70,100,12.37,PG,light rain
155,Maxixe,-23.8597,35.3472,70.72,86,53,5.73,MZ,broken clouds
156,Lima,-12.0432,-77.0282,60.91,81,100,12.66,PE,overcast clouds
157,Leh,34.1667,77.5833,35.26,75,100,4.56,IN,light snow
158,Marawi,7.9986,124.2928,78.75,69,100,3.0,PH,overcast clouds
159,Cururupu,-1.8283,-44.8683,78.06,81,17,5.7,BR,few clouds
160,Sinazongwe,-17.2614,27.4618,74.77,56,12,4.43,ZM,few clouds
161,Tveit,58.2337,8.122,52.63,98,75,1.14,NO,broken clouds
162,Yulara,-25.2406,130.9889,68.25,37,0,20.29,AU,clear sky
163,Petropavlovka,50.6114,105.3196,33.35,38,100,2.35,RU,overcast clouds
164,Padang,-0.9492,100.3543,75.25,77,100,2.1,ID,overcast clouds
165,Mbini,1.574,9.6134,78.69,85,100,6.06,GQ,light rain
166,Elk Point,42.6833,-96.6836,39.04,21,4,9.48,US,clear sky
167,Tadine,-21.55,167.8833,78.55,65,93,7.72,NC,overcast clouds
168,Banda Aceh,5.5577,95.3222,80.91,76,99,11.88,ID,overcast clouds
169,Marsh Harbour,26.5412,-77.0636,80.53,63,35,10.0,BS,scattered clouds
170,Mar Del Plata,-38.0023,-57.5575,57.09,85,0,14.0,AR,clear sky
171,Dunedin,-45.8742,170.5036,51.8,68,94,14.0,NZ,overcast clouds
172,Melville,40.7934,-73.4151,64.17,84,100,6.91,US,overcast clouds
173,Arraial Do Cabo,-22.9661,-42.0278,73.36,88,0,13.8,BR,clear sky
174,Mayumba,-3.432,10.6554,76.91,91,100,8.86,GA,overcast clouds
175,Antofagasta,-23.65,-70.4,58.28,76,34,4.29,CL,scattered clouds
176,Siparia,10.1333,-61.5,79.79,95,99,7.56,TT,overcast clouds
177,Casablanca,33.5928,-7.6192,73.42,69,94,4.0,MA,overcast clouds
178,Carutapera,-1.195,-46.02,78.75,81,7,7.85,BR,clear sky
179,Lata,40.1629,-8.3327,59.92,77,19,4.52,PT,few clouds
180,Antalaha,-14.9003,50.2788,64.42,83,35,5.61,MG,scattered clouds
181,Crossville,35.949,-85.0269,46.09,56,0,6.91,US,clear sky
182,Lockhart,28.6194,-81.4426,75.29,93,40,0.0,US,scattered clouds
183,Palafrugell,41.9174,3.1631,70.43,56,44,4.23,ES,scattered clouds
184,Aksu,41.1231,80.2644,52.07,24,77,2.75,CN,broken clouds
185,Marrakesh,31.6315,-8.0083,73.47,56,0,3.44,MA,clear sky
186,Paris,48.8534,2.3488,63.09,96,100,3.44,FR,fog
187,Tayu,-6.5397,111.0518,81.63,76,100,6.46,ID,light rain
188,Mitsamiouli,-11.3847,43.2844,74.5,81,6,7.74,KM,clear sky
189,Dingle,10.9995,122.6711,81.73,78,100,9.98,PH,overcast clouds
190,Millinocket,45.6573,-68.7098,51.91,87,75,0.0,US,broken clouds
191,Provideniya,64.3833,-173.3,33.91,75,100,11.18,RU,overcast clouds
192,Cabo San Lucas,22.8909,-109.9124,82.62,69,40,2.3,MX,scattered clouds
193,Muscat,23.6139,58.5922,75.22,40,100,3.6,OM,overcast clouds
194,Kruisfontein,-34.0033,24.7314,56.88,92,11,4.7,ZA,few clouds
195,Los Llanos De Aridane,28.6585,-17.9182,65.95,64,40,8.05,ES,scattered clouds
196,Kavaratti,10.5669,72.642,77.77,91,100,19.13,IN,overcast clouds
197,Aranda De Duero,41.6704,-3.6892,57.56,69,4,8.68,ES,clear sky
198,Meulaboh,4.1363,96.1285,77.67,81,99,3.42,ID,overcast clouds
199,Port Elizabeth,-33.918,25.5701,63.32,92,75,8.05,ZA,broken clouds
200,Tuatapere,-46.1333,167.6833,50.85,60,88,14.56,NZ,overcast clouds
201,Kargopol,61.5071,38.9456,41.07,84,71,9.04,RU,broken clouds
202,Kirillov,59.863,38.3813,45.39,83,100,9.71,RU,overcast clouds
203,Salinas,36.6777,-121.6555,72.28,64,0,11.5,US,clear sky
204,Ganzhou,28.8184,115.4327,64.53,31,0,12.41,CN,clear sky
205,Faanui,-16.4833,-151.75,77.68,79,37,16.13,PF,light rain
206,Narsaq,60.9167,-46.05,30.42,73,100,5.23,GL,overcast clouds
207,San Pedro,14.35,121.0167,87.31,73,40,2.3,PH,scattered clouds
208,Moose Factory,51.2585,-80.6094,44.6,93,100,13.8,CA,mist
209,Karratha,-20.7377,116.8463,81.37,23,5,23.31,AU,clear sky
210,Fort William,56.8165,-5.1121,46.31,95,50,2.46,GB,scattered clouds
211,Scarborough,54.2797,-0.4044,52.79,82,13,7.0,GB,few clouds
212,Salalah,17.0151,54.0924,75.29,57,0,3.44,OM,clear sky
213,Newton Abbot,50.5286,-3.6119,54.57,96,0,2.39,GB,clear sky
214,Oranjestad,12.524,-70.027,84.15,83,20,12.66,AW,few clouds
215,Vagur,61.4732,-6.8119,46.27,81,100,23.2,FO,overcast clouds
216,Panguiranan,12.0699,123.3185,82.76,77,99,11.14,PH,overcast clouds
217,Mirador,-6.3708,-44.3631,78.84,38,1,2.53,BR,clear sky
218,Lebu,-37.6167,-73.65,53.24,96,100,6.82,CL,overcast clouds
219,Warrington,53.3925,-2.5802,51.91,87,32,3.44,GB,scattered clouds
220,Maldonado,-34.6667,-54.9167,58.39,82,98,11.61,UY,overcast clouds
221,Anadyr,64.75,177.4833,19.9,85,0,6.71,RU,clear sky
222,Pokhara,28.2333,83.9833,60.04,47,0,6.22,NP,clear sky
223,Lagoa,39.05,-27.9833,62.38,57,100,27.34,PT,light rain
224,Bumba,2.1833,22.4667,69.37,91,86,2.15,CD,overcast clouds
225,Alice Springs,-23.7,133.8833,71.15,64,100,18.41,AU,overcast clouds
226,Bowen,-20.0167,148.2333,79.25,70,98,13.06,AU,overcast clouds
227,Ilulissat,69.2167,-51.1,39.22,93,100,2.3,GL,light intensity shower rain
228,Thalgau,47.8333,13.25,54.32,93,9,9.22,AT,clear sky
229,Torbay,47.6666,-52.7314,59.58,97,40,3.44,CA,fog
230,Mahajanga,-15.7167,46.3167,71.62,68,20,5.75,MG,few clouds
231,Cockburn Town,21.4612,-71.1419,81.7,75,1,10.83,TC,clear sky
232,Kichera,55.9375,110.0997,28.17,61,100,3.27,RU,overcast clouds
233,Asau,46.4333,26.4,38.32,74,6,3.76,RO,clear sky
234,Fethiye,36.6217,29.1164,71.47,67,57,9.53,TR,broken clouds
235,Trinidad,-14.8333,-64.9,77.49,79,92,3.24,BO,overcast clouds
236,San Juan Del Sur,11.2529,-85.8705,78.1,82,100,2.64,NI,overcast clouds
237,Latung,5.5,120.8833,81.99,73,100,1.52,PH,overcast clouds
238,Nagato,34.3833,131.2,60.89,76,100,22.15,JP,overcast clouds
239,Dwarka,22.2394,68.9678,80.98,65,11,7.34,IN,few clouds
240,Touros,-5.1989,-35.4608,77.56,79,14,16.64,BR,few clouds
241,Juneau,58.3019,-134.4197,53.6,94,20,10.36,US,fog
242,Usinsk,65.9939,57.5281,41.99,94,100,17.72,RU,light rain
243,Wanning,18.8003,110.3967,67.15,88,100,18.9,CN,overcast clouds
244,Ampanihy,-24.7,44.75,67.17,81,4,7.18,MG,clear sky
245,Shwebo,22.5667,95.7,76.08,87,81,3.56,MM,broken clouds
246,Alofi,-19.0595,-169.9187,82.29,74,75,12.66,NU,light intensity drizzle
247,Mareeba,-17.0,145.4333,86.49,59,56,10.31,AU,broken clouds
248,Cap-Aux-Meules,47.3821,-61.8597,50.05,93,100,2.3,CA,overcast clouds
249,Polovinnoye,54.7914,65.9864,37.69,90,86,8.25,RU,overcast clouds
250,Ornskoldsvik,63.2909,18.7153,36.55,100,100,5.75,SE,overcast clouds
251,Panshi,42.9422,126.0561,40.62,42,0,5.19,CN,clear sky
252,Oranjemund,-28.55,16.4333,58.68,89,100,6.35,NA,overcast clouds
253,Gagino,55.2314,45.0339,42.67,86,100,14.63,RU,overcast clouds
254,Bandarbeyla,9.4942,50.8122,76.46,82,0,5.21,SO,clear sky
255,Gamba,-2.65,10.0,76.82,90,91,7.54,GA,light rain
256,Paita,-5.0892,-81.1144,63.25,83,14,13.89,PE,few clouds
257,Clyde River,70.4692,-68.5914,25.03,93,100,10.36,CA,light snow
258,Mikkeli,61.6886,27.2723,39.31,93,75,2.3,FI,broken clouds
259,Lasa,46.6166,10.7002,47.35,76,21,1.81,IT,few clouds
260,Huarmey,-10.0681,-78.1522,61.93,83,8,7.83,PE,clear sky
261,Nishihara,26.1842,127.7558,72.68,78,75,31.07,JP,broken clouds
262,Margate,51.3813,1.3862,53.31,91,100,1.01,GB,overcast clouds
263,Tateyama,34.9833,139.8667,69.1,86,100,15.88,JP,light rain
264,Khromtau,50.2503,58.4347,36.09,73,7,7.81,KZ,clear sky
265,Goure,13.9835,10.2704,80.8,21,0,7.87,NE,clear sky
266,Rosetta,31.4044,30.4164,71.24,70,65,9.66,EG,broken clouds
267,Luganville,-15.5333,167.1667,85.62,65,5,7.0,VU,clear sky
268,Troitsk,54.0979,61.5773,37.33,83,20,7.63,RU,few clouds
269,Zarichne,51.8126,26.129,53.74,85,87,8.23,UA,overcast clouds
270,Upernavik,72.7868,-56.1549,38.71,87,100,35.5,GL,overcast clouds
271,La Ronge,55.1001,-105.2842,50.25,50,0,12.66,CA,clear sky
272,Parvatsar,26.8833,74.7667,69.28,50,0,5.01,IN,clear sky
273,Emba,48.8264,58.1442,37.2,65,6,3.76,KZ,clear sky
274,Atar,20.5169,-13.0499,90.9,12,98,9.35,MR,overcast clouds
275,Shenjiamen,29.9576,122.298,63.48,57,100,23.15,CN,overcast clouds
276,Markova,48.6758,24.4138,52.43,79,15,5.01,UA,few clouds
277,Aklavik,68.2191,-135.0107,27.1,91,100,4.16,CA,overcast clouds
278,Adrar,20.5022,-10.0711,85.1,11,100,9.89,MR,overcast clouds
279,Tutoia,-2.7619,-42.2744,80.02,79,49,16.31,BR,scattered clouds
280,Harwich,51.9419,1.2844,52.21,90,100,4.0,GB,overcast clouds
281,Korla,41.7597,86.1469,52.65,23,98,3.2,CN,overcast clouds
282,Trincomalee,8.5711,81.2335,78.66,82,100,15.37,LK,overcast clouds
283,Saint-Augustin,51.226,-58.6502,46.26,92,9,5.79,CA,clear sky
284,Niquero,20.0431,-77.5828,78.98,81,10,4.32,CU,clear sky
285,Metro,-5.1131,105.3067,79.79,83,100,4.9,ID,overcast clouds
286,Jiaozuo,35.2397,113.2331,56.37,25,0,2.19,CN,clear sky
287,Pacific Grove,36.6177,-121.9166,71.89,75,0,8.05,US,clear sky
288,Sumkino,58.1108,68.3244,37.67,95,99,5.08,RU,overcast clouds
289,Maniitsoq,65.4167,-52.9,37.72,94,100,16.08,GL,moderate rain
290,Olga,43.7444,135.2892,45.19,50,6,13.87,RU,clear sky
291,Hobbs,32.7026,-103.136,55.99,67,100,5.75,US,overcast clouds
292,Anton Lizardo,19.05,-95.9833,81.21,83,52,4.36,MX,broken clouds
293,Broken Hill,-31.95,141.4333,63.77,44,96,14.05,AU,overcast clouds
294,Dunmore Town,25.5,-76.65,82.02,64,43,9.84,BS,scattered clouds
295,Saint George,37.1041,-113.5841,83.43,22,0,1.01,US,clear sky
296,Edd,13.9297,41.6925,86.04,54,0,12.21,ER,clear sky
297,Comodoro Rivadavia,-45.8667,-67.5,71.46,28,0,9.22,AR,clear sky
298,Coos Bay,43.3665,-124.2179,66.18,81,0,8.05,US,clear sky
299,Vestmanna,62.1564,-7.1664,41.92,75,20,9.22,FO,few clouds
300,Sirur,18.8333,74.3833,73.22,88,100,1.14,IN,overcast clouds
301,Najran,17.4924,44.1277,63.25,28,100,1.34,SA,overcast clouds
302,Ambatofinandrahana,-20.55,46.8,52.48,93,11,3.74,MG,few clouds
303,Kieta,-6.2167,155.6333,85.08,65,54,6.53,PG,broken clouds
304,Shakawe,-18.3667,21.85,68.67,48,60,6.62,BW,broken clouds
305,Georgetown,5.4112,100.3354,80.53,88,20,3.44,MY,few clouds
306,Carnarvon,-24.8667,113.6333,71.49,35,0,15.93,AU,clear sky
307,Talcahuano,-36.7167,-73.1167,51.48,93,100,4.61,CL,overcast clouds
308,Constitucion,-35.3333,-72.4167,53.15,80,91,5.01,CL,overcast clouds
309,Vao,-22.6667,167.4833,73.56,73,13,7.29,NC,few clouds
310,Kantang,7.4054,99.5156,77.09,94,75,1.14,TH,moderate rain
311,Vardo,70.3705,31.1107,37.38,81,20,14.97,NO,few clouds
312,Cabedelo,-6.9811,-34.8339,77.67,79,22,13.85,BR,few clouds
313,Skelleftea,64.7507,20.9528,37.76,100,6,9.22,SE,clear sky
314,Namibe,-15.1961,12.1522,65.3,90,36,6.85,AO,scattered clouds
315,Soligalich,59.0778,42.2864,43.68,83,96,11.59,RU,overcast clouds
316,Vagay,57.9375,69.0217,37.45,94,100,4.36,RU,overcast clouds
317,Atasu,48.6814,71.6433,34.05,83,9,4.52,KZ,clear sky
318,Boyolangu,-8.1181,111.8935,78.15,85,100,5.46,ID,moderate rain
319,Blackwater,-23.5833,148.8833,80.96,55,92,13.8,AU,overcast clouds
320,Grand Island,40.925,-98.342,44.89,25,75,8.05,US,broken clouds
321,Naze,28.3667,129.4833,65.32,75,100,22.5,JP,light rain
322,Ust-Omchug,61.15,149.6333,5.18,91,89,9.08,RU,overcast clouds
323,Teknaf,20.8624,92.3058,78.44,88,98,4.0,BD,overcast clouds
324,Laiwu,36.1928,117.6569,50.27,27,0,1.21,CN,clear sky
325,Rawson,-43.3002,-65.1023,58.32,62,0,24.49,AR,clear sky
326,Jutai,-5.1833,-68.9,75.15,91,100,0.92,BR,overcast clouds
327,Hede,33.7681,120.2517,59.22,46,3,8.19,CN,clear sky
328,Avera,33.194,-82.5271,69.85,57,0,12.66,US,clear sky
329,Noyabrsk,63.1994,75.4507,37.31,96,100,2.84,RU,overcast clouds
330,Fukue,32.6881,128.8419,62.96,59,75,16.11,JP,broken clouds
331,Portland,45.5234,-122.6762,71.82,65,40,3.44,US,smoke
332,Dakar,14.6937,-17.4441,82.53,89,0,0.0,SN,clear sky
333,Hvide Sande,56.0045,8.1294,52.09,79,0,21.32,DK,clear sky
334,Takoradi,4.8845,-1.7554,77.29,87,15,4.94,GH,few clouds
335,Oistins,13.0667,-59.5333,80.69,83,20,10.36,BB,few clouds
336,Port Blair,11.6667,92.75,77.04,94,75,2.3,IN,mist
337,Nemuro,43.3236,145.575,49.41,60,6,17.02,JP,clear sky
338,Nuuk,64.1835,-51.7216,43.41,75,75,25.32,GL,broken clouds
339,Taltal,-25.4,-70.4833,59.7,73,0,4.38,CL,clear sky
340,Rio Grande,-32.035,-52.0986,62.71,86,99,19.82,BR,overcast clouds
341,Coquimbo,-29.9533,-71.3436,53.33,93,20,6.91,CL,few clouds
342,Amberley,39.2048,-84.428,42.76,53,100,8.05,US,overcast clouds
343,Stornoway,58.2093,-6.3865,45.03,94,16,2.3,GB,few clouds
344,Tiznit,29.5833,-9.5,79.93,25,99,9.51,MA,overcast clouds
345,Kharar,30.7444,76.6478,66.27,68,0,4.14,IN,clear sky
346,San Felipe,10.3399,-68.7425,72.9,98,95,1.81,VE,overcast clouds
347,Labuhan,-6.8844,112.2051,81.41,75,100,11.05,ID,light rain
348,Ureki,41.9956,41.7786,66.16,88,65,14.34,GE,broken clouds
349,Tual,-5.6667,132.75,83.71,74,98,4.56,ID,overcast clouds
350,Ceres,37.5949,-120.9577,77.81,51,0,6.91,US,clear sky
351,Kaitangata,-46.2817,169.8464,53.11,48,43,14.07,NZ,scattered clouds
352,Morwell,-38.2333,146.4,60.4,37,100,3.29,AU,overcast clouds
353,Yaguaron,-25.6,-57.3,71.55,76,97,9.15,PY,overcast clouds
354,Kainantu,-6.2887,145.8655,74.89,60,88,4.94,PG,overcast clouds
355,Bahia Blanca,-38.7196,-62.2724,59.54,52,100,8.99,AR,overcast clouds
356,Abu Dhabi,24.4667,54.3667,84.22,88,100,2.3,AE,overcast clouds
357,Belaya,49.029,25.7706,49.75,60,15,6.58,UA,few clouds
358,Mukhen,48.1,136.1,36.81,62,39,11.65,RU,scattered clouds
359,Maceio,-9.6658,-35.7353,74.64,94,75,6.91,BR,broken clouds
360,Saint Anthony,45.0205,-93.218,33.73,52,100,14.97,US,overcast clouds
361,Mandalgovi,45.7625,106.2708,36.97,21,0,6.6,MN,clear sky
362,Aranos,-24.1333,19.1167,62.26,61,49,8.28,NA,scattered clouds
363,Vila Franca Do Campo,37.7167,-25.4333,57.61,72,37,20.2,PT,light rain
364,Riyadh,24.6877,46.7219,69.94,15,100,4.94,SA,overcast clouds
365,Inirida,3.8653,-67.9239,73.65,97,98,0.34,CO,overcast clouds
366,Wynyard,-41.0,145.7167,57.97,66,100,6.76,AU,overcast clouds
367,Port Macquarie,-31.4333,152.9167,71.89,74,98,11.43,AU,overcast clouds
368,Singkang,2.1006,102.7994,78.71,87,100,1.07,MY,overcast clouds
369,Lulea,65.5842,22.1547,35.67,93,100,6.91,SE,overcast clouds
370,Aviles,43.5547,-5.9248,61.93,99,0,2.3,ES,clear sky
371,Ambon,-3.6954,128.1814,87.94,70,20,4.61,ID,few clouds
372,Jardim,-21.4803,-56.1381,68.47,95,100,6.96,BR,overcast clouds
373,Osakarovka,50.565,72.5692,32.41,60,100,8.97,KZ,overcast clouds
374,Asosa,10.0667,34.5333,59.49,97,100,1.12,ET,overcast clouds
375,Mahendranagar,28.9167,80.3333,67.6,89,0,3.85,NP,clear sky
376,Holbeach,52.804,0.0144,50.02,90,0,8.05,GB,clear sky
377,Aykhal,66.0,111.5,19.09,95,100,3.98,RU,overcast clouds
378,Balaghat,21.8,80.1833,70.18,94,1,3.38,IN,clear sky
379,Paramonga,-10.6667,-77.8333,61.38,84,10,8.25,PE,clear sky
380,Kirkkonummi,60.1238,24.4385,49.1,100,100,9.91,FI,light rain
381,Hirara,24.8,125.2833,73.26,88,75,32.21,JP,mist
382,Girona,41.9831,2.8249,69.24,94,40,3.44,ES,scattered clouds
383,Hasaki,35.7333,140.8333,61.21,84,100,27.34,JP,light rain
384,Champerico,14.3,-91.9167,79.75,86,100,12.48,GT,light rain
385,Duluth,46.7833,-92.1066,32.29,61,40,21.85,US,scattered clouds
386,Muncar,-8.4333,114.3333,79.03,87,100,1.79,ID,overcast clouds
387,Camacari,-12.6975,-38.3242,78.57,90,1,4.88,BR,clear sky
388,Buta,2.7858,24.73,68.92,95,100,1.19,CD,overcast clouds
389,Tessalit,20.1986,1.0114,80.31,23,9,12.21,ML,clear sky
390,Bay Roberts,47.5999,-53.2648,60.33,95,100,3.0,CA,overcast clouds
391,Nara,34.6851,135.8049,68.5,45,9,6.17,JP,clear sky
392,Half Moon Bay,37.4636,-122.4286,73.31,68,0,17.27,US,clear sky
393,Port-Gentil,-0.7193,8.7815,78.8,84,100,11.95,GA,moderate rain
394,Bocas Del Toro,9.3333,-82.25,80.92,77,80,4.59,PA,broken clouds
395,Itarema,-2.9248,-39.9167,78.89,81,84,18.34,BR,broken clouds
396,Ayame,5.6083,-3.1563,73.36,96,100,2.28,CI,overcast clouds
397,Chuzhou,32.3219,118.2978,56.19,34,0,8.25,CN,clear sky
398,Kyren,51.6828,102.1408,41.77,44,100,1.21,RU,overcast clouds
399,Chara,56.9064,118.2631,23.45,64,29,1.99,RU,scattered clouds
400,Sieut,46.9833,24.65,48.88,83,9,2.82,RO,clear sky
401,Vanimo,-2.6741,141.3028,84.69,71,92,4.12,PG,overcast clouds
402,Sao Joao Da Barra,-21.6403,-41.0511,75.29,88,100,16.17,BR,overcast clouds
403,Beyneu,45.3167,55.2,47.97,66,0,6.24,KZ,clear sky
404,Qaqortoq,60.7167,-46.0333,32.81,68,100,4.07,GL,overcast clouds
405,Fasa,28.9383,53.6482,58.24,29,0,0.0,IR,clear sky
406,Khuzhir,53.1939,107.3397,36.88,71,100,9.1,RU,overcast clouds
407,Rognan,67.0953,15.3878,41.56,97,100,4.36,NO,overcast clouds
408,Eureka,40.8021,-124.1637,65.59,77,100,2.59,US,overcast clouds
409,Longyearbyen,78.2186,15.6401,19.24,86,20,3.44,SJ,few clouds
410,Karachi,24.9056,67.0822,69.62,83,2,0.0,PK,clear sky
411,Tambura,5.6,27.4667,67.78,96,93,1.28,SS,overcast clouds
412,Te Anau,-45.4167,167.7167,50.86,49,80,8.46,NZ,broken clouds
413,Zonguldak,41.25,31.8333,52.5,94,98,1.32,TR,overcast clouds
414,Kuala Terengganu,5.3302,103.1408,83.98,94,20,2.3,MY,few clouds
415,Husavik,66.0449,-17.3389,32.23,76,16,12.3,IS,few clouds
416,Pangody,65.85,74.4859,36.23,93,100,8.57,RU,overcast clouds
417,San Cristobal,7.7669,-72.225,69.98,97,100,0.83,VE,overcast clouds
418,Tasiilaq,65.6145,-37.6368,32.16,69,100,4.43,GL,overcast clouds
419,Felipe Carrillo Puerto,19.5833,-88.05,75.67,89,98,3.18,MX,overcast clouds
420,Galveston,29.3669,-94.9669,71.56,65,0,21.85,US,clear sky
421,Zarubino,42.63,131.0922,44.49,54,0,14.18,RU,clear sky
422,Lazarev,52.225,141.5131,35.22,66,87,27.31,RU,overcast clouds
423,Byron Bay,-28.65,153.6167,70.72,79,97,9.08,AU,light rain
424,Opelousas,30.5335,-92.0815,66.09,46,100,6.4,US,overcast clouds
425,Havoysund,70.9963,24.6622,41.23,71,100,28.34,NO,light rain
426,Iisalmi,63.5592,27.1907,35.64,98,42,5.64,FI,scattered clouds
427,Merauke,-8.4667,140.3333,84.49,72,100,10.4,ID,overcast clouds
428,Semey,50.4111,80.2275,37.62,81,0,4.47,KZ,clear sky
429,Havelock,34.8791,-76.9013,73.94,87,0,13.8,US,clear sky
430,Kuli,42.0185,47.2434,44.28,98,100,1.63,RU,light rain
431,Morgan City,29.6994,-91.2068,69.03,68,0,6.91,US,clear sky
432,Ucluelet,48.9329,-125.5528,62.91,80,100,6.6,CA,overcast clouds
433,Saravan,39.7196,45.6483,48.81,65,1,3.94,AM,clear sky
434,Logstor,56.9624,9.2583,51.98,84,5,16.49,DK,clear sky
435,Hengshui,37.7322,115.7011,53.73,29,0,8.41,CN,clear sky
436,Khani,41.9563,42.9566,53.17,99,100,2.84,GE,light rain
437,Trofors,65.5333,13.4063,35.47,91,100,4.65,NO,overcast clouds
438,Coari,-4.085,-63.1414,75.02,92,100,2.57,BR,overcast clouds
439,Syracuse,37.0881,15.2792,60.39,69,66,5.44,IT,broken clouds
440,Enshi,30.3,109.4833,59.86,67,5,0.6,CN,clear sky
441,Ambilobe,-13.2,49.05,66.34,76,2,4.14,MG,clear sky
442,Esil,51.9556,66.4042,38.88,83,100,6.13,KZ,overcast clouds
443,Abha,18.2164,42.5053,58.82,26,0,0.0,SA,clear sky
444,Volnovakha,47.601,37.4967,43.14,56,11,2.57,UA,few clouds
445,Shurugwi,-19.6702,30.0059,58.84,71,93,3.06,ZW,overcast clouds
446,Mildura,-34.2,142.15,67.06,53,100,8.08,AU,light rain
447,Bathsheba,13.2167,-59.5167,81.21,83,20,10.36,BB,few clouds
448,Benghazi,32.1167,20.0667,69.6,56,0,16.46,LY,clear sky
449,Sao Felix Do Xingu,-6.6447,-51.995,77.41,73,100,2.39,BR,light rain
450,Thyolo,-16.0678,35.1405,63.14,79,28,1.5,MW,scattered clouds
451,Thinadhoo,0.5333,72.9333,81.84,64,100,6.82,MV,overcast clouds
452,Oktyabrskiy,54.4815,53.471,40.26,73,100,12.86,RU,overcast clouds
453,Goundam,16.4145,-3.6708,89.44,16,57,7.81,ML,broken clouds
454,Sorong,-0.8833,131.25,84.51,70,100,1.99,ID,overcast clouds
455,Bhaderwah,32.9784,75.7186,49.44,72,0,2.28,IN,clear sky
456,Hobyo,5.3505,48.5268,77.67,85,55,14.25,SO,broken clouds
457,Ningyang,35.7642,116.7914,52.83,23,0,3.4,CN,clear sky
458,Ulaangom,49.9811,92.0667,35.08,52,100,2.42,MN,overcast clouds
459,Tefe,-3.3542,-64.7114,80.71,89,0,3.44,BR,clear sky
460,Zarautz,43.2844,-2.1699,67.95,85,4,9.84,ES,clear sky
461,Vestmannaeyjar,63.4427,-20.2734,41.7,72,21,7.74,IS,few clouds
462,Jizan,17.3333,42.6667,85.14,68,29,2.66,SA,scattered clouds
463,Lorengau,-2.0226,147.2712,83.43,77,98,10.87,PG,overcast clouds
464,Novooleksiyivka,46.2269,34.6428,49.35,61,6,7.9,UA,clear sky
465,Tadpatri,14.9167,78.0167,75.69,86,93,3.51,IN,overcast clouds
466,Concordia,-31.393,-58.0209,65.79,72,100,8.01,AR,overcast clouds
467,Grand Forks,47.9417,-97.4337,26.78,43,0,8.05,US,clear sky
468,Sioux Lookout,50.1001,-91.917,24.87,63,75,8.05,CA,broken clouds
469,Manicore,-5.8092,-61.3003,80.55,78,75,9.22,BR,broken clouds
470,Baykit,61.67,96.37,31.71,96,100,2.3,RU,overcast clouds
471,Ahuimanu,21.4447,-157.8378,87.51,53,75,10.36,US,broken clouds
472,Yerbogachen,61.2767,108.0108,29.1,74,100,6.24,RU,overcast clouds
473,Surt,31.2089,16.5887,71.64,70,40,5.44,LY,light rain
474,Mugla,37.2303,28.3557,51.31,86,28,6.38,TR,scattered clouds
475,Grand Gaube,-20.0064,57.6608,66.38,74,78,3.0,MU,broken clouds
476,San Nicolas,18.1725,120.5953,82.31,83,75,4.61,PH,broken clouds
477,Sinnamary,5.3833,-52.95,78.76,88,7,8.63,GF,clear sky
478,Montego Bay,18.4712,-77.9188,82.2,74,20,4.61,JM,few clouds
479,Homer,59.6425,-151.5483,48.78,77,100,5.99,US,overcast clouds
480,Kirakira,-10.4544,161.9205,85.51,68,22,6.91,SB,few clouds
481,Tottori,35.5,134.2333,57.27,82,75,24.16,JP,broken clouds
482,Sur,22.5667,59.5289,78.42,37,100,6.69,OM,overcast clouds
483,Kotelnikovo,47.6317,43.1461,43.68,54,0,2.53,RU,clear sky
484,Marieville,45.4334,-73.1658,52.88,87,100,9.98,CA,overcast clouds
485,Kazerun,29.6195,51.6541,70.45,30,13,3.83,IR,few clouds
486,Iqaluit,63.7506,-68.5145,29.93,68,75,10.36,CA,broken clouds
487,Kampong Thum,12.7111,104.8887,76.03,79,66,3.71,KH,broken clouds
488,Carauari,-4.8828,-66.8958,73.45,97,100,1.66,BR,heavy intensity rain
489,Pucara,-15.9803,-71.4606,35.73,56,5,0.65,PE,clear sky
490,Baishishan,43.5833,127.5667,39.27,51,0,6.64,CN,clear sky
491,Mitu,1.1983,-70.1733,72.32,98,89,0.13,CO,overcast clouds
492,Palana,59.1167,159.9667,31.66,89,100,6.22,RU,light snow
493,Bloomingdale,27.8936,-82.2404,79.12,88,0,3.44,US,clear sky
494,Novolakskoye,43.1195,46.4828,48.9,96,100,1.99,RU,moderate rain
495,The Valley,18.217,-63.0578,81.82,74,19,9.82,AI,few clouds
496,Rodionovo-Nesvetayskaya,47.6103,39.7121,47.55,60,1,2.84,RU,clear sky
497,Augustow,53.8432,22.9798,57.33,71,100,11.34,PL,overcast clouds
498,Tyrma,50.0833,132.1667,34.84,47,5,9.37,RU,clear sky
499,Menongue,-14.6585,17.691,63.91,68,100,0.92,AO,overcast clouds
500,Bethel,41.3712,-73.414,59.54,87,100,3.44,US,mist
501,Capreol,46.706,-80.9225,39.67,87,100,13.8,CA,light intensity shower rain
502,Los Algarrobos,8.5,-82.4333,73.81,94,100,3.44,PA,very heavy rain
503,Christchurch,-43.5333,172.6333,66.4,39,48,6.91,NZ,scattered clouds
504,Bud,39.447,-86.1758,41.68,64,12,13.18,US,few clouds
505,Senneterre,48.3835,-77.2328,44.22,92,100,10.54,CA,moderate rain
506,Preobrazheniye,42.9019,133.9064,44.82,51,3,7.7,RU,clear sky
507,Poim,53.0264,43.1872,44.28,83,100,11.12,RU,overcast clouds
508,Truckee,39.328,-120.1833,70.09,33,46,3.0,US,scattered clouds
509,Jaffna,9.6685,80.0074,81.55,80,100,16.89,LK,overcast clouds
510,Praia,14.9215,-23.5087,77.54,83,20,16.11,CV,few clouds
511,Westport,41.1415,-73.3579,64.38,81,75,10.36,US,broken clouds
512,Mezen,65.8522,44.24,42.82,87,100,14.72,RU,overcast clouds
513,Cherskiy,68.75,161.3,1.36,91,34,2.62,RU,scattered clouds
514,Kahului,20.8947,-156.47,89.62,63,40,19.57,US,scattered clouds
515,Sindor,62.8629,51.8905,41.45,89,100,9.28,RU,overcast clouds
516,Maues,-3.3836,-57.7186,73.96,95,100,0.31,BR,light rain
517,Roza,54.9163,61.4586,39.15,83,24,8.81,RU,few clouds
518,Anloga,5.7947,0.8973,79.18,83,85,6.44,GH,overcast clouds
519,Shimoda,34.6667,138.95,66.56,84,100,9.22,JP,overcast clouds
520,Singapore,1.2897,103.8501,80.64,83,40,4.61,SG,scattered clouds
521,San Quintin,30.4833,-115.95,68.36,81,0,17.43,MX,clear sky
522,Mirabad,30.4362,61.8383,70.5,24,0,12.15,AF,clear sky
523,Tatarsk,55.219,75.9828,39.16,81,100,11.65,RU,overcast clouds
524,Mullingar,53.5333,-7.35,38.68,91,100,4.65,IE,overcast clouds
525,Dalbandin,28.8947,64.4101,68.32,12,2,5.66,PK,clear sky
526,Bunia,1.5667,30.25,61.52,84,98,1.92,CD,overcast clouds
527,Xichang,27.8964,102.2634,56.79,66,86,1.52,CN,overcast clouds
528,Buenos Aires,-34.6132,-58.3772,61.99,84,40,19.57,AR,scattered clouds
529,Savannah Bight,16.45,-85.85,83.95,76,84,17.4,HN,broken clouds
530,Magistralnyy,56.1725,107.4458,30.51,60,100,4.79,RU,overcast clouds
531,San Jeronimo,-11.9472,-75.2829,47.55,84,100,2.8,PE,overcast clouds
532,Rio Gallegos,-51.6226,-69.2181,60.85,18,0,9.22,AR,clear sky
533,Kirkwood,38.5834,-90.4068,42.78,46,0,1.01,US,clear sky
534,Montefiascone,42.5393,12.0362,61.48,92,0,1.01,IT,clear sky
535,Tondano,1.3038,124.9112,71.69,59,100,1.21,ID,overcast clouds
536,Mastic Beach,40.7668,-72.8521,64.6,94,100,10.0,US,overcast clouds
537,Oulainen,64.2667,24.8,36.81,97,16,4.5,FI,few clouds
538,Gushikawa,26.3544,127.8686,72.63,83,40,19.57,JP,scattered clouds
539,Camana,-16.6228,-72.7111,62.69,80,50,5.88,PE,scattered clouds
540,Carmen,18.6333,-91.8333,81.77,84,100,9.01,MX,light rain
541,Magadan,59.5667,150.8,25.54,61,100,11.21,RU,overcast clouds
542,Bar,49.0772,27.6826,46.63,41,20,7.31,UA,few clouds
543,Bykovo,55.6361,38.0803,44.96,93,0,0.0,RU,clear sky
544,Kavieng,-2.5744,150.7967,83.14,75,80,15.14,PG,light rain
545,Tura,25.5198,90.2201,70.21,94,8,2.77,IN,clear sky
546,Valls,41.2861,1.2499,68.94,90,0,6.91,ES,clear sky
547,Do Gonbadan,30.3586,50.7981,64.49,68,0,0.0,IR,clear sky
548,Hambantota,6.1241,81.1185,75.54,100,20,5.75,LK,few clouds
549,Santa Rosalia,27.3167,-112.2833,76.32,51,0,10.02,MX,clear sky
550,Olafsvik,64.8945,-23.7142,43.86,69,76,11.79,IS,broken clouds
551,Mbumi,-7.9058,39.2105,69.62,92,27,1.12,TZ,scattered clouds
552,Akdepe,42.0551,59.3788,48.29,55,99,9.89,TM,overcast clouds
553,Mapastepec,15.4333,-92.9,78.49,90,100,3.67,MX,light rain
554,Sao Jose Da Coroa Grande,-8.8978,-35.1478,74.89,84,21,8.93,BR,few clouds
555,Prince Rupert,54.3161,-130.3201,55.49,94,100,32.21,CA,light rain
556,Valle De Allende,26.9333,-105.4,63.9,76,52,14.0,MX,light rain
557,Nouadhibou,20.931,-17.0347,73.49,72,100,19.33,MR,overcast clouds
558,Nedjo,9.5046,35.5019,54.88,95,100,2.01,ET,overcast clouds
559,Santa Maria,-29.6842,-53.8069,63.7,82,75,4.61,BR,broken clouds
560,Canto Do Buriti,-8.11,-42.9444,78.31,35,0,4.34,BR,clear sky
561,Tautira,-17.7333,-149.15,76.3,81,37,18.97,PF,light rain
562,Vanavara,60.34,102.2797,29.43,83,96,4.07,RU,overcast clouds
563,Bayji,34.9311,43.487,77.67,17,0,5.14,IQ,clear sky
564,Payo,-3.7508,103.6372,78.49,86,100,0.85,ID,overcast clouds
565,Venice,27.0998,-82.4543,80.01,88,11,1.99,US,few clouds
566,Banyo,6.75,11.8167,64.36,91,80,2.53,CM,broken clouds
567,Guangyuan,32.442,105.823,61.79,65,100,2.59,CN,overcast clouds
568,Emiliano Zapata,18.8333,-99.1833,70.14,83,66,2.84,MX,light rain
569,Skjervoy,70.0311,20.9714,37.4,77,100,22.46,NO,light rain
570,Hatillo,18.4863,-66.8254,78.08,91,0,1.99,PR,clear sky
571,Bosaso,11.2842,49.1816,77.88,72,0,7.09,SO,clear sky
572,Musafirkhana,26.3667,81.8,69.82,73,0,4.14,IN,clear sky
573,Coria,39.9879,-6.5377,67.44,65,1,5.08,ES,clear sky
574,Tabas,33.5959,56.9244,69.8,18,74,1.81,IR,broken clouds
575,Temyasovo,52.9933,58.1014,31.86,94,33,6.53,RU,scattered clouds
576,Miri,4.4148,114.0089,75.34,94,40,3.44,MY,scattered clouds
577,Shenzhen,22.5455,114.0683,73.26,85,100,16.42,CN,overcast clouds
578,Sironko,1.2313,34.2477,63.3,84,100,3.87,UG,overcast clouds
579,Kangaatsiaq,68.3065,-53.4641,40.26,88,100,27.29,GL,overcast clouds
580,Esperance,-33.8667,121.9,60.87,65,9,11.34,AU,clear sky
581,Muzhi,65.3667,64.6667,37.9,96,98,9.26,RU,overcast clouds
582,Tierranueva,21.6833,-100.5667,66.51,71,93,9.26,MX,overcast clouds
583,Sangre Grande,10.5835,-61.1177,81.18,83,66,4.99,TT,light rain
584,Pandamatenga,-18.5278,25.627,73.62,34,56,9.73,BW,broken clouds
585,Tabuk,17.4189,121.4443,81.07,80,100,1.05,PH,overcast clouds
586,Weinan,34.5036,109.5089,57.45,40,0,3.83,CN,clear sky
587,Middelburg,-25.7751,29.4648,63.12,56,41,4.21,ZA,scattered clouds
588,Ola,59.5833,151.2833,26.15,57,100,16.17,RU,overcast clouds
589,Doorn,52.0334,5.3457,59.41,96,100,5.23,NL,overcast clouds
590,Batangafo,7.3008,18.2833,69.94,96,100,2.01,CF,overcast clouds
591,Dicabisagan,17.0818,122.4157,83.46,78,100,2.21,PH,overcast clouds
592,Abbeville,50.1,1.8333,57.25,94,100,0.4,FR,overcast clouds
593,Kanniyakumari,8.0833,77.5667,76.75,90,100,14.45,IN,overcast clouds
594,Bam,29.106,58.357,71.26,13,27,8.79,IR,scattered clouds
595,Nha Trang,12.25,109.1833,80.6,78,100,2.75,VN,overcast clouds
596,San Fernando,15.0286,120.6898,85.73,74,89,4.05,PH,overcast clouds
597,Velasco Ibarra,-1.05,-79.6167,77.56,68,100,6.76,EC,overcast clouds
598,Bariri,-22.0744,-48.7403,79.05,75,100,13.49,BR,overcast clouds
599,Yar-Sale,66.8333,70.8333,34.81,91,53,13.42,RU,broken clouds
600,Monroe,43.1501,-77.6831,44.28,82,40,5.75,US,scattered clouds
601,Kabinda,-6.1333,24.4833,64.56,91,8,1.21,CD,clear sky
602,Saint-Paul,-21.0096,55.2707,68.09,84,59,1.59,RE,broken clouds
603,Maudaha,25.6833,80.1167,72.14,61,0,5.06,IN,clear sky
604,Molango,20.7833,-98.7167,60.15,98,99,2.82,MX,light rain
605,Ghatal,22.6667,87.7167,74.52,81,41,5.41,IN,scattered clouds
606,Yangjiang,21.85,111.9667,65.26,77,100,18.01,CN,light rain
607,Zhicheng,30.2956,111.5047,63.95,44,0,3.2,CN,clear sky
608,Chingirlau,51.095,54.0814,38.95,79,92,7.56,KZ,overcast clouds
609,Okakarara,-20.5833,17.4333,63.75,67,91,9.15,NA,overcast clouds
610,Solnechnyy,50.7214,136.6319,37.78,45,9,1.07,RU,clear sky
611,Ghanzi,-21.5667,21.7833,63.16,67,39,12.62,BW,scattered clouds
612,Srostki,52.4189,85.7022,40.19,86,100,5.68,RU,overcast clouds
613,Zhuzhou,27.8333,113.15,60.93,41,4,6.42,CN,clear sky
614,Staryy Nadym,65.6118,72.6842,37.18,89,100,9.42,RU,overcast clouds
615,Sinop,41.7711,34.8709,52.43,91,90,1.92,TR,overcast clouds
616,Punta Cardon,11.6581,-70.215,83.17,76,67,17.49,VE,broken clouds
617,Lujan,-34.5703,-59.105,62.02,79,100,4.0,AR,overcast clouds
618,Auch,43.65,0.5833,67.44,86,0,5.01,FR,clear sky
619,Moron,-34.6534,-58.6198,62.01,84,100,12.3,AR,overcast clouds
620,De Aar,-30.6497,24.0123,65.93,63,100,7.31,ZA,overcast clouds
621,Caravelas,-17.7125,-39.2481,74.08,83,0,7.02,BR,clear sky
622,Tecpan,14.7623,-90.9947,56.61,98,100,1.79,GT,light rain
623,Marsa Matruh,31.3525,27.2453,71.8,68,40,10.36,EG,scattered clouds
624,Barrhead,55.7992,-4.3929,51.33,87,27,3.44,GB,scattered clouds
625,Boguchany,58.3814,97.4531,36.07,99,100,4.99,RU,light rain
626,Muisne,0.6,-80.0333,74.19,84,91,8.28,EC,overcast clouds
627,Sisimiut,66.9395,-53.6735,38.68,92,100,12.03,GL,light rain
628,Hegang,47.4,130.3667,39.29,38,0,11.97,CN,clear sky
629,Along,28.1667,94.7667,65.39,65,4,0.98,IN,clear sky
630,Camacha,33.0833,-16.3333,69.22,78,20,17.27,PT,few clouds
631,Zhezkazgan,47.8043,67.7144,30.18,74,40,6.71,KZ,scattered clouds
632,Madang,-5.2246,145.7966,86.22,62,80,5.5,PG,broken clouds
633,Kyzyl-Suu,42.3414,78.0056,47.37,47,100,4.47,KG,overcast clouds
634,San Carlos De Bariloche,-41.1456,-71.3082,55.15,47,75,8.05,AR,broken clouds
635,Keelung,25.1283,121.7419,67.89,84,100,17.78,TW,overcast clouds
636,San Patricio,28.017,-97.5169,70.84,54,14,11.61,US,few clouds
637,Xai-Xai,-25.0519,33.6442,69.57,93,100,5.08,MZ,overcast clouds
638,Suez,29.9737,32.5263,67.6,72,0,6.98,EG,clear sky
639,Chokwe,-24.5333,32.9833,71.4,82,9,3.71,MZ,clear sky
640,Goksun,38.021,36.4973,54.52,67,19,7.54,TR,few clouds
641,Fuerte Olimpo,-21.0415,-57.8738,70.2,95,91,7.43,PY,overcast clouds
642,Caohe,30.2297,115.4335,62.15,39,0,0.6,CN,clear sky
643,Ous,60.9058,61.5186,42.17,89,100,8.41,RU,overcast clouds
644,Shache,38.4167,77.2406,52.65,18,100,0.72,CN,overcast clouds
645,Talmenka,53.8183,83.5677,39.38,92,84,6.2,RU,broken clouds
646,Kautokeino,69.0125,23.0412,33.94,76,100,13.09,NO,overcast clouds
647,Okha,53.5739,142.9478,37.56,57,100,19.35,RU,overcast clouds
648,Zastron,-30.3023,27.084,59.61,62,100,3.87,ZA,overcast clouds
649,Astana,51.1801,71.446,39.15,81,75,6.71,KZ,broken clouds
650,College,64.8569,-147.8028,42.58,77,0,0.0,US,clear sky
651,Hays,30.0502,-98.0336,67.39,54,11,3.0,US,few clouds
652,Calama,-22.4667,-68.9333,61.29,25,0,13.8,CL,clear sky
653,Shetpe,44.1667,52.1167,50.63,52,100,4.54,KZ,overcast clouds
654,Nalut,30.3333,10.85,66.42,55,0,7.96,LY,clear sky
655,Morant Bay,17.8815,-76.4093,83.82,81,0,2.17,JM,clear sky
656,Muroto,33.2833,134.15,69.8,63,27,7.49,JP,scattered clouds
657,Mehamn,71.0357,27.8492,40.95,87,75,19.57,NO,broken clouds
658,Itoman,26.1247,127.6694,73.42,83,75,32.21,JP,broken clouds
659,Imbituba,-28.24,-48.6703,64.09,84,100,5.66,BR,overcast clouds
660,Sarankhola,22.3082,89.7897,71.42,78,7,4.29,BD,clear sky
661,Lithakia,37.7167,20.8333,58.37,52,0,17.49,GR,clear sky
662,Salta,-24.7859,-65.4117,56.57,86,100,9.22,AR,light intensity drizzle
663,Tabou,4.423,-7.3528,76.28,89,100,4.79,CI,light rain
664,Behbahan,30.5959,50.2417,74.39,37,57,1.88,IR,broken clouds
665,Buchanan,5.8808,-10.0467,75.25,91,10,1.99,LR,moderate rain
666,Canico,32.6333,-16.85,74.01,89,40,24.16,PT,scattered clouds
667,Igra,57.5558,53.0547,38.77,96,100,11.05,RU,light rain
668,Yarada,17.65,83.2667,77.32,100,20,2.3,IN,mist
669,Paamiut,61.994,-49.6678,38.5,77,100,9.98,GL,overcast clouds
670,Pishin,30.5803,66.9961,56.93,16,0,1.48,PK,clear sky
671,Bubaque,11.2833,-15.8333,80.87,78,99,7.52,GW,overcast clouds
672,Ankazoabo,-22.2833,44.5167,70.14,58,0,4.25,MG,clear sky
673,Nome,64.5011,-165.4064,36.16,96,100,2.19,US,light rain
674,Bafoulabe,13.8065,-10.8321,78.85,68,13,1.97,ML,few clouds
675,Maneadero,31.7167,-116.5667,67.1,84,78,1.99,MX,broken clouds
676,Komsomolskiy,40.4272,71.7189,59.72,47,40,4.61,UZ,scattered clouds
677,Chapayevka,47.4711,36.3451,44.67,57,11,2.35,UA,few clouds
678,Egvekinot,66.3167,-179.1667,16.18,73,65,3.49,RU,broken clouds
679,Puerto Leguizamo,-0.1934,-74.7819,76.1,86,99,0.89,CO,overcast clouds
680,Lagunas,-5.2269,-75.6753,79.81,71,99,1.19,PE,overcast clouds
681,Bilibino,68.0546,166.4372,-0.49,96,80,2.13,RU,broken clouds
682,Araouane,18.9048,-3.5265,85.64,14,0,6.96,ML,clear sky
683,Ipixuna,-1.7625,-48.8043,74.73,95,23,4.9,BR,few clouds
684,San Gil,6.5557,-73.1331,67.8,95,100,0.89,CO,overcast clouds
685,Aktash,50.3,87.7333,26.58,94,100,1.41,RU,light snow
686,Omboue,-1.5746,9.2618,76.62,91,92,8.68,GA,light rain
687,Turayf,31.6725,38.6637,66.45,55,0,13.8,SA,clear sky
688,Livingston,55.9029,-3.5226,50.13,88,0,9.22,GB,clear sky
689,Porkhov,57.765,29.5561,44.89,88,100,2.68,RU,light rain
690,Shingu,33.7333,135.9833,72.66,53,17,3.49,JP,few clouds
691,Yate,51.5407,-2.4184,51.33,92,0,0.85,GB,clear sky
692,Piste,20.7,-88.5833,75.49,94,95,4.21,MX,overcast clouds
693,Harper,4.375,-7.7169,75.78,90,93,4.59,LR,light rain
694,Port Hardy,50.6996,-127.4199,57.38,77,75,4.61,CA,broken clouds
695,Calamar,10.2511,-74.9146,76.69,90,100,3.89,CO,overcast clouds
696,Jumla,29.2747,82.1838,44.64,83,4,4.7,NP,clear sky
697,Hargeysa,9.56,44.065,63.07,96,86,8.12,SO,overcast clouds
698,Saint-Denis,48.9167,2.3333,63.09,96,100,4.61,FR,overcast clouds
699,Diego De Almagro,-26.3667,-70.05,60.04,25,0,0.4,CL,clear sky
